{
   "lambdatest_auth": {
      "username": "umavictor11",
      "access_key": "YXuyD18sjLAx7G8FO3cwMSlMdUaRNiYlKi9hMElPnKqK9RzWyR"
   },
   "browsers": [
      {
         "browser": "Chrome",
         "platform": "Windows 10",
         "versions": [
            "latest-1"
         ]
      },
      {
         "browser": "Firefox",
         "platform": "Windows 10",
         "versions": [
            "latest-1"
         ]
      }
   ],
   "run_settings": {
      "cypress_config_file": "cypress.json",
      "reporter_config_file": "base_reporter_config.json",
      "build_name": "build-name",
      "parallels": 1,
      "specs": "./*.spec.js",
      "ignore_files": "",
      "network": false,
      "headless": false,
      "npm_dependencies": {
         "cypress": "9.6"
      }
   },
   "tunnel_settings": {
      "tunnel": false,
      "tunnel_name": null
   }
}