{
  "lambdatest_auth": {
    "username": "umavictor11",
    "access_key": "YXuyD18sjLAx7G8FO3cwMSlMdUaRNiYlKi9hMElPnKqK9RzWyR"
  },
  "browsers": [
    {
      "browser": "Chrome",
      "platform": "Windows 10",
      "versions": ["latest-1"]
    }
  ],
  "run_settings": {
    "reporter_config_file": "base_reporter_config.json",
    "build_name": "build-name",
    "parallels": 1,
    "specs": "./cypress/e2e/*.spec.js",
    "ignore_files": "",
    "network": false,
    "headless": false,
    "npm_dependencies": {
      "cypress": "13.2.0"
    }
  },
  "tunnel_settings": {
    "tunnel": false,
    "tunnel_name": null
  }
}
